{
  "log": {
    "iter": [
      0,
      10,
      20,
      30,
      40,
      50,
      60,
      70,
      80,
      90,
      100,
      101,
      111,
      121,
      131
    ],
    "round": [
      1,
      1,
      1,
      1,
      1,
      1,
      1,
      1,
      1,
      1,
      1,
      2,
      2,
      2,
      2
    ],
    "iter_round": [
      0,
      10,
      20,
      30,
      40,
      50,
      60,
      70,
      80,
      90,
      100,
      0,
      10,
      20,
      30
    ],
    "loss_global": [
      1045972.9212783277,
      1033816.2896252795,
      1011067.7357928213,
      993680.1692322927,
      976150.2821062788,
      959501.0560096471,
      944048.7552953914,
      929155.4501535881,
      915481.3097876805,
      902279.065318026,
      889692.1379659032,
      889692.1379659032,
      703280.358141921,
      664214.4059316926,
      568392.608368527
    ]
  },
  "losses": {
    " PDE_U": {
      "weight": 100.0,
      "non_negative": true,
      "display_sqrt": true,
      "log": [
        0.15691995783935844,
        0.5934568148147404,
        0.0849264705969431,
        0.01703407508550499,
        0.0027501626399786187,
        7.437892442459849e-05,
        4.2659686329754164e-05,
        2.0126454535822443e-05,
        1.0801940741373404e-05,
        6.887934480775647e-06,
        5.5181923569902135e-06,
        5.5181923569902135e-06,
        2.9681524760138744,
        0.18180589205526274,
        2.292958965862929e-05
      ]
    },
    " PDE_V": {
      "weight": 100.0,
      "non_negative": true,
      "display_sqrt": true,
      "log": [
        0.004898818896266085,
        1.4201711253528362,
        0.1147061835823175,
        0.008990488666303325,
        0.00032082649980198525,
        0.00011818650817504711,
        9.305264394523602e-05,
        7.610045040697785e-05,
        7.115283062844583e-05,
        6.908601414742948e-05,
        6.842077081823893e-05,
        6.842077081823893e-05,
        1.2838003815121954,
        0.6744636376344083,
        1.8517007473151776e-05
      ]
    },
    "BC_x0": {
      "weight": 10.0,
      "non_negative": true,
      "display_sqrt": true,
      "log": [
        104594.4545072304,
        103345.66992879109,
        101071.34097525619,
        99303.91939947353,
        97501.6376547767,
        95771.13992200025,
        94148.5051658725,
        92572.34624037294,
        91109.1023152259,
        89684.92790983437,
        88314.69711384781,
        88314.69711384781,
        59969.27655335493,
        54395.575764338064,
        38890.433890162785
      ]
    },
    "BC_x1": {
      "weight": 10.0,
      "non_negative": true,
      "display_sqrt": true,
      "log": [
        0.5327176155292962,
        4.1163616101063605,
        26.63839614115087,
        59.637257016753566,
        109.74605393723927,
        175.89072814824235,
        253.12121371613756,
        340.0346577052489,
        435.7490947824957,
        539.664952349257,
        651.3834773419677,
        651.3834773419677,
        9465.730446402798,
        11339.991907800426,
        17779.0419182532
      ]
    },
    "BC_y0": {
      "weight": 10.0,
      "non_negative": true,
      "display_sqrt": true,
      "log": [
        0.3303606433995849,
        5.570943241443518,
        3.5639113053721005,
        2.1149171896763823,
        1.8224769008899901,
        1.5466625740889406,
        1.6289628964085119,
        1.585490700310597,
        1.6432789488224693,
        1.6600583962014062,
        1.5693927127999665,
        1.5693927127999665,
        431.67219299285034,
        340.05688418954423,
        84.89156384509351
      ]
    },
    "BC_y1": {
      "weight": 10.0,
      "non_negative": true,
      "display_sqrt": true,
      "log": [
        0.3563545760681292,
        6.135449483624245,
        3.2339700376326443,
        2.0851039117979027,
        1.7913151216563077,
        1.5263625878010214,
        1.618829930790281,
        1.5776643112687128,
        1.6354702631304563,
        1.6528514832869343,
        1.5630732981065358,
        1.5630732981065358,
        418.83709286624855,
        337.25334154432016,
        84.89305012565156
      ]
    }
  },
  "losses_test": {
    "fit": {
      "weight": 1.0,
      "non_negative": true,
      "display_sqrt": true,
      "log": [
        2062899.7888003741,
        2018443.6686631849,
        1907378.3669006433,
        1828421.326157335,
        1747689.7932806497,
        1670049.5043995834,
        1599294.8967328575,
        1534006.2944750988,
        1473231.320640106,
        1416272.1977163127,
        1362579.8446626666,
        1362579.8446626666,
        357900.2443705576,
        291709.24038790725,
        171374.73662227028
      ]
    }
  },
  "log_rounds": {
    "rounds": [
      "keras_Adam",
      "scipy_L-BFGS-B"
    ],
    "iteration_start": [
      0,
      101
    ]
  }
}