{
  "log": {
    "iter": [
      0,
      10,
      20,
      30,
      40,
      50,
      60,
      70,
      80,
      90,
      100,
      101,
      111,
      121,
      131,
      141,
      151,
      161,
      171,
      181,
      191,
      201,
      211,
      221,
      231,
      241,
      251,
      261,
      271,
      281,
      291,
      301,
      311,
      321,
      331,
      341,
      351
    ],
    "round": [
      1,
      1,
      1,
      1,
      1,
      1,
      1,
      1,
      1,
      1,
      1,
      2,
      2,
      2,
      2,
      2,
      2,
      2,
      2,
      2,
      2,
      2,
      2,
      2,
      2,
      2,
      2,
      2,
      2,
      2,
      2,
      2,
      2,
      2,
      2,
      2,
      2
    ],
    "iter_round": [
      0,
      10,
      20,
      30,
      40,
      50,
      60,
      70,
      80,
      90,
      100,
      0,
      10,
      20,
      30,
      40,
      50,
      60,
      70,
      80,
      90,
      100,
      110,
      120,
      130,
      140,
      150,
      160,
      170,
      180,
      190,
      200,
      210,
      220,
      230,
      240,
      250
    ],
    "loss_global": [
      103915.051973045,
      92881.560567043,
      45876.910148650706,
      5056.201534748712,
      5217.711171789833,
      3038.7581056127074,
      2494.254118725813,
      2208.644523016966,
      2026.6541448915857,
      1882.596622781492,
      1773.9766610241215,
      1773.9766610241215,
      1283.4133825227455,
      784.4795999908474,
      550.1705801932552,
      457.7251820430727,
      410.4372571770361,
      365.01406420112346,
      311.68064678789096,
      256.9708633575067,
      188.61067762471458,
      128.4434612201357,
      68.21830703128109,
      35.645059914460106,
      15.02010466478128,
      8.463635022017684,
      6.093746633056693,
      4.945788767030219,
      4.348559105368686,
      3.879641379783578,
      3.634690317789614,
      3.508462444954985,
      3.4417504314956715,
      3.4159380773797747,
      3.394125866730942,
      3.3845659951965223,
      3.37809860499182
    ]
  },
  "losses": {
    " PDE_U": {
      "weight": 1.0,
      "non_negative": true,
      "display_sqrt": true,
      "log": [
        103887.48700996836,
        92001.49529798693,
        41190.63346448137,
        1529.1325230807977,
        1944.1565344626274,
        556.8133195733005,
        335.3218616763092,
        157.05416638428827,
        90.35719389338378,
        57.78265397818889,
        43.81244714728613,
        43.81244714728613,
        55.99606550024879,
        198.09924257660398,
        61.19952593181838,
        43.955405716937,
        38.06954885289006,
        51.281664095245475,
        45.73058853161822,
        33.65718720988436,
        24.960684282904662,
        23.109035494626674,
        17.36328260576853,
        9.116969858844664,
        3.014493391330437,
        1.1853096741153453,
        0.9146306176142964,
        0.41065726868019753,
        0.3383470756013287,
        0.18629375435818724,
        0.13174938893206675,
        0.09412795482367597,
        0.049012325768586024,
        0.034185925464477365,
        0.019131111399308173,
        0.012267999066688651,
        0.007093228376543301
      ]
    },
    " PDE_V": {
      "weight": 1.0,
      "non_negative": true,
      "display_sqrt": true,
      "log": [
        0.18460253908973745,
        61.65786623986917,
        2258.9108173072805,
        630.8686510301002,
        108.22741589570418,
        112.34836633850449,
        82.21152533738386,
        40.57443218828,
        17.313202423916863,
        10.18957257919691,
        6.6674619516417355,
        6.6674619516417355,
        29.128924759331298,
        14.007164796543572,
        8.46993401432351,
        6.880104514756353,
        11.808932401224784,
        14.237839283128325,
        19.157569778019305,
        8.131406276236827,
        16.879497937727578,
        24.511722894356435,
        22.462865317503137,
        8.715630839753862,
        2.9582903165988137,
        1.1869273823531896,
        0.6311980861240122,
        0.3203818323789851,
        0.2387979285657091,
        0.22693855465467308,
        0.09348880574099003,
        0.028696711084329064,
        0.015568250527936842,
        0.008745404893181938,
        0.005789041589374844,
        0.004711916360015904,
        0.0042275861253504715
      ]
    },
    "BCD_x0": {
      "weight": 10.0,
      "non_negative": true,
      "display_sqrt": true,
      "log": [
        1.3048202716558108,
        4.373521973983611,
        32.354259874381434,
        85.55675502140576,
        119.3962181351354,
        75.26045429744443,
        52.11035718194392,
        49.13514326278042,
        47.392150774620724,
        45.01667688218612,
        41.33624810464613,
        41.33624810464613,
        26.25413492714759,
        8.313053545597356,
        6.1411055364816916,
        4.210097436957062,
        4.047290590696723,
        3.485007831803135,
        3.424139513751905,
        3.7198663832257974,
        3.165677048325273,
        1.7788931581628094,
        0.9391139893716942,
        0.648251153300628,
        0.5023046952190588,
        0.44429925309781737,
        0.3917694760509835,
        0.38074093512421003,
        0.3631363312479256,
        0.34116702978518404,
        0.33791831743831113,
        0.3355298390031489,
        0.33544692613687105,
        0.33553423537578503,
        0.3353580965238427,
        0.335466279842005,
        0.33532919941285627
      ]
    },
    "BCD_y0": {
      "weight": 10.0,
      "non_negative": true,
      "display_sqrt": true,
      "log": [
        0.4092717151452925,
        38.02044357840197,
        110.62946050116201,
        141.3184309183106,
        143.3221759081884,
        122.46127896941535,
        98.51897315934428,
        98.18262755034105,
        96.67612654835207,
        91.32932596937022,
        86.47108935762196,
        86.47108935762196,
        60.36018553218713,
        24.804977053767676,
        22.966468389788155,
        13.32298200604072,
        9.981651232236107,
        13.069899005431555,
        14.827855734608601,
        15.23314284833364,
        10.12609073522972,
        4.6148894204046504,
        0.3631609455893043,
        0.03411191544474318,
        0.0635885386718279,
        0.05534426893188818,
        0.03404944436759109,
        0.022294458276464955,
        0.0063317304756107615,
        0.0023869047505364746,
        0.0012261922062917294,
        0.001448922450142201,
        0.0011739796709566307,
        0.0008826372574338035,
        0.0006240779022935555,
        0.0004171054053141416,
        0.0004989456984201667
      ]
    },
    "BCD_y1": {
      "weight": 10.0,
      "non_negative": true,
      "display_sqrt": true,
      "log": [
        0.37390067847175656,
        38.597593635623966,
        95.52341300068838,
        59.5301768109714,
        49.36100614601641,
        39.01451665731935,
        49.51418727741615,
        45.90319103675889,
        43.32597163114688,
        42.23235300440378,
        41.01153838018079,
        41.01153838018079,
        33.01847000330031,
        24.099879845170708,
        18.791887634294575,
        23.0130882637627,
        22.00480464973126,
        13.350372071166857,
        6.397469612486452,
        2.2425284501417027,
        1.2569893473945826,
        1.5545765739941775,
        1.3696715926919965,
        0.9550509712485971,
        0.2681259942466061,
        0.09876393224042503,
        0.021591388202346587,
        0.012063486829660219,
        0.005198939704688308,
        0.0020707399941516714,
        0.0011135035039039638,
        0.0010626325187646773,
        0.0008415326756270286,
        0.0007542480543529429,
        0.0008786253812130756,
        0.0008500489835164022,
        0.0008324502156805924
      ]
    },