{
  "log": {
    "iter": [
      0,
      10,
      20,
      30,
      40,
      50,
      60,
      70,
      80,
      90,
      100,
      101,
      111,
      121,
      131,
      141,
      151,
      161,
      171,
      181,
      191,
      201,
      211,
      221,
      231,
      241,
      251,
      261,
      271,
      281,
      291,
      301,
      311,
      321,
      331,
      341,
      351,
      361,
      371,
      381,
      391,
      401,
      411,
      421,
      431,
      441,
      451,
      461,
      471,
      481,
      491,
      501,
      511,
      521,
      531,
      541,
      551,
      561,
      571,
      581,
      591,
      601
    ],
    "round": [
      1,
      1,
      1,
      1,
      1,
      1,
      1,
      1,
      1,
      1,
      1,
      2,
      2,
      2,
      2,
      2,
      2,
      2,
      2,
      2,
      2,
      2,
      2,
      2,
      2,
      2,
      2,
      2,
      2,
      2,
      2,
      2,
      2,
      2,
      2,
      2,
      2,
      2,
      2,
      2,
      2,
      2,
      2,
      2,
      2,
      2,
      2,
      2,
      2,
      2,
      2,
      2,
      2,
      2,
      2,
      2,
      2,
      2,
      2,
      2,
      2,
      2
    ],
    "iter_round": [
      0,
      10,
      20,
      30,
      40,
      50,
      60,
      70,
      80,
      90,
      100,
      0,
      10,
      20,
      30,
      40,
      50,
      60,
      70,
      80,
      90,
      100,
      110,
      120,
      130,
      140,
      150,
      160,
      170,
      180,
      190,
      200,
      210,
      220,
      230,
      240,
      250,
      260,
      270,
      280,
      290,
      300,
      310,
      320,
      330,
      340,
      350,
      360,
      370,
      380,
      390,
      400,
      410,
      420,
      430,
      440,
      450,
      460,
      470,
      480,
      490,
      500
    ],
    "loss_global": [
      2.3995094139145556,
      1.3917845161295264,
      1.1370730902846928,
      0.9699771674009466,
      0.8925590106554555,
      0.8337449895256784,
      0.7631839549604501,
      0.7027703961779471,
      0.6550997667349212,
      0.6068625134390617,
      0.5482979608193645,
      0.5482979608193645,
      0.39259511959453136,
      0.22153763142278954,
      0.12996603394632902,
      0.06175539120992384,
      0.03324223936934893,
      0.02063710896195222,
      0.011305930054797004,
      0.006643447470490478,
      0.0040402306556610095,
      0.0026056919414412317,
      0.0016433122581399715,
      0.001124845657436385,
      0.0007263352617699576,
      0.0005415576303060626,
      0.0003919698509127136,
      0.0003065494656848273,
      0.0002306242079790995,
      0.0001823084268746782,
      0.00014298428586216144,
      0.00011639258248848887,
      9.847256455836352e-05,
      8.518441626112434e-05,
      6.846502515286231e-05,
      5.368091507642822e-05,
      4.260101323186528e-05,
      3.417411693766672e-05,
      2.958791745404431e-05,
      2.5796065312466842e-05,
      2.1932124594358762e-05,
      1.9101756750708608e-05,
      1.6660057899896103e-05,
      1.4144300386881299e-05,
      1.2481155532602156e-05,
      1.1582645753693962e-05,
      1.037716527197903e-05,
      9.383069239574718e-06,
      8.781211239710017e-06,
      8.013829666706841e-06,
      7.109473021146825e-06,
      6.50960132264081e-06,
      6.180794029878793e-06,
      5.8924704818656404e-06,
      5.527757455429913e-06,
      5.19836845568285e-06,
      4.946718944359694e-06,
      4.79866043324283e-06,
      4.590271353052982e-06,
      4.421532725060639e-06,
      4.23199074262394e-06,
      4.0516676704246984e-06
    ]
  },
  "losses": {
    "PDE": {
      "weight": 2.0,
      "non_negative": true,
      "display_sqrt": true,
      "log": [
        0.8872927200808494,
        0.6247934308737813,
        0.5152303834188587,
        0.4382026417899915,
        0.36841281782814106,
        0.3342164341635844,
        0.3008726143914577,
        0.27102333407535206,
        0.24535208547746984,
        0.21976861022200705,
        0.19758614758920245,
        0.19758614758920245,
        0.14259378703918113,
        0.08949491540532248,
        0.057668812693134404,
        0.021162189361905285,
        0.010372954500833554,
        0.0058789787983278856,
        0.0031317855683176375,
        0.002024539652015077,
        0.001255908412770786,
        0.0007037487802810692,
        0.0004669293951880147,
        0.0003012722799472697,
        0.00019055515703406145,
        0.00013164786490076723,
        9.780357181275128e-05,
        8.281888480512755e-05,
        6.463931547551252e-05,
        4.95765055805009e-05,
        3.856298751205479e-05,
        3.385979367346011e-05,
        2.638910527157299e-05,
        2.364311353493051e-05,
        2.022121851252098e-05,
        1.6471945484932302e-05,
        1.239898899175574e-05,
        1.0669717523403686e-05,
        9.778381975893041e-06,
        9.212641302960776e-06,
        8.077470665230437e-06,
        7.299499796093135e-06,
        6.219439129739307e-06,
        5.30627839017192e-06,
        4.961327575203514e-06,
        4.641442847033809e-06,
        4.3108404817866565e-06,
        3.856985650405671e-06,
        3.7081578698286713e-06,
        3.4179817370488732e-06,
        3.0815129392511195e-06,
        2.823642746879373e-06,
        2.6787108662605047e-06,
        2.579445193269624e-06,
        2.392943685962749e-06,
        2.239426668093356e-06,
        2.088578287360441e-06,
        1.9744756532753086e-06,
        1.854505703388645e-06,
        1.8258536684201601e-06,
        1.7085660200684437e-06,
        1.636937086677811e-06
      ]
    },
    "BC": {
      "weight": 1.0,
      "non_negative": true,
      "display_sqrt": true,
      "log": [
        0.6249239737528569,
        0.1421976543819638,
        0.10661232344697535,
        0.0935718838209636,
        0.1557333749991734,
        0.16531212119850971,
        0.16143872617753474,
        0.16072372802724302,
        0.16439559577998153,
        0.16732529299504767,
        0.1531256656409597,
        0.1531256656409597,
        0.10740754551616909,
        0.042547800612144596,
        0.014628408560060212,
        0.019431012486113272,
        0.012496330367681824,
        0.008879151365296448,
        0.005042358918161729,
        0.0025943681664603244,
        0.0015284138301194378,
        0.001198194380879093,
        0.0007094534677639421,
        0.0005223010975418457,
        0.00034522494770183475,
        0.00027826190050452807,
        0.000196362707287211,
        0.00014091169607457224,
        0.00010134557702807445,
        8.31554157136764e-05,
        6.585831083805185e-05,
        4.867299514156865e-05,
        4.569435401521753e-05,
        3.7898189191263325e-05,
        2.8022588127820357e-05,
        2.0737024106563616e-05,
        1.7803035248353802e-05,
        1.2834681890859346e-05,
        1.0031153502258225e-05,
        7.370782706545291e-06,
        5.777183263897887e-06,
        4.502757158522338e-06,
        4.221179640417489e-06,
        3.531743606537458e-06,
        2.5585003821951276e-06,
        2.2997600596263436e-06,
        1.755484308405718e-06,
        1.6690979387633749e-06,
        1.3648955000526743e-06,
        1.1778661926090948e-06,
        9.46447142644586e-07,
        8.623158288820641e-07,
        8.233722973577833e-07,
        7.335800953263925e-07,
        7.418700835044142e-07,
        7.195151194961373e-07,
        7.695623696388126e-07,
        8.497091266922133e-07,
        8.812599462756926e-07,
        7.698253882203187e-07,
        8.148587024870521e-07,
        7.777934970690764e-07
      ]
    }
  },
  "losses_test": {
    "fit": {
      "weight": 1.0,
      "non_negative": true,
      "display_sqrt": true,