{
  "log": {
    "iter": [
      0,
      10,
      20,
      30,
      40,
      50,
      60,
      70,
      80,
      90,
      100,
      101,
      111,
      121,
      131,
      141,
      151,
      161,
      171,
      181,
      191,
      201,
      211,
      221,
      231,
      241,
      251,
      261,
      271,
      281,
      291,
      301,
      311,
      321,
      331,
      341,
      351
    ],
    "round": [
      1,
      1,
      1,
      1,
      1,
      1,
      1,
      1,
      1,
      1,
      1,
      2,
      2,
      2,
      2,
      2,
      2,
      2,
      2,
      2,
      2,
      2,
      2,
      2,
      2,
      2,
      2,
      2,
      2,
      2,
      2,
      2,
      2,
      2,
      2,
      2,
      2
    ],
    "iter_round": [
      0,
      10,
      20,
      30,
      40,
      50,
      60,
      70,
      80,
      90,
      100,
      0,
      10,
      20,
      30,
      40,
      50,
      60,
      70,
      80,
      90,
      100,
      110,
      120,
      130,
      140,
      150,
      160,
      170,
      180,
      190,
      200,
      210,
      220,
      230,
      240,
      250
    ],
    "loss_global": [
      103902.10988243922,
      93184.38192094113,
      44001.27659520381,
      4112.733599967674,
      4115.581892985623,
      2584.3830348473557,
      2118.4435452571056,
      1914.2307984660358,
      1770.8151005009602,
      1658.0744973655787,
      1584.43417607426,
      1584.43417607426,
      1087.8496082693664,
      757.9757581632686,
      561.4241144178047,
      459.77039369343686,
      343.2162334523788,
      172.8194000127664,
      46.42029846066586,
      8.040321377795694,
      1.161572044529137,
      0.607605600964567,
      0.26215464717691683,
      0.10877849899500114,
      0.05170047078422037,
      0.02251429334048139,
      0.013505257306578484,
      0.008731692028195171,
      0.005664154028369655,
      0.003995082994267249,
      0.0027228413334195473,
      0.002169199538716849,
      0.0018100737719929881,
      0.001570946452280298,
      0.0013762720264304713,
      0.001203125255670423,
      0.0009195270402631007
    ]
  },
  "losses": {
    " PDE_U": {
      "weight": 1.0,
      "non_negative": true,
      "display_sqrt": true,
      "log": [
        103887.48700996836,
        92038.44147032897,
        38987.179713244805,
        1335.115780987587,
        1502.5628082185635,
        441.86173175455946,
        239.54694253463742,
        139.14173588037727,
        94.59577495080691,
        42.86066582128104,
        36.19478811091718,
        36.19478811091718,
        119.6691796729199,
        108.46523913126921,
        73.11871915175205,
        61.54110444818835,
        56.33973353391092,
        52.547908678539414,
        15.140270524099808,
        2.385641578651289,
        0.3865739943009416,
        0.31731094324153136,
        0.14639289648648543,
        0.05192052035903667,
        0.021781529389817457,
        0.011246730209337676,
        0.007148648502337335,
        0.00488193289290416,
        0.003441992785404159,
        0.002606801493051702,
        0.0019224493419992582,
        0.001641125425172698,
        0.0014300789427320305,
        0.0012662086215244203,
        0.001127253131626438,
        0.0010330039057111406,
        0.0007690510403072251
      ]
    },
    " PDE_V": {
      "weight": 1.0,
      "non_negative": true,
      "display_sqrt": true,
      "log": [
        0.18460253908973745,
        64.74884034378947,
        2194.470948585995,
        479.2694061381819,
        178.60390956357324,
        151.36228481820143,
        78.00987685338508,
        49.05185360821251,
        22.02529516039387,
        10.641278973119974,
        11.096796170695145,
        11.096796170695145,
        13.415517947211306,
        26.06972403371453,
        10.895851960726743,
        14.269376703472904,
        21.088223770385657,
        22.872477982310894,
        10.107319173919,
        3.803171322225254,
        0.46040179736201586,
        0.17666628540456494,
        0.08846622998967653,
        0.042489804005378176,
        0.02076413752197475,
        0.009948061572644669,
        0.005359401986113871,
        0.0031949195992668922,
        0.0017820802313672152,
        0.0011294490448609052,
        0.0006088863486196497,
        0.00036062927917329424,
        0.000249305942249734,
        0.0001765203132451854,
        0.0001408851371272412,
        0.00010730270734184002,
        8.540013837027252e-05
      ]
    },
    "BCN_x0_x": {
      "weight": 5.0,
      "non_negative": true,
      "display_sqrt": true,
      "log": [
        0.020688512384103675,
        57.45341823766344,
        153.51361482062822,
        3.1399936372545603,
        15.281116002010576,
        2.1335943808237117,
        0.03293901011984547,
        0.15019864451371612,
        0.014264267800034895,
        0.09120800101463797,
        0.2606577721023261,
        0.2606577721023261,
        0.024102099444161623,
        0.010057952384300984,
        0.33737408501837507,
        0.0022057717248509605,
        0.602801538819523,
        0.4762372545035255,
        0.9793606922334293,
        0.1363114737444341,
        0.013403365898255708,
        0.0014648830720895565,
        0.0010375977013769657,
        0.0005402273904928917,
        9.334246796782315e-06,
        4.976506707932955e-05,
        1.3237032269722812e-05,
        2.4302409805015465e-06,
        6.90366169952413e-06,
        2.453877680227114e-06,
        2.50155403473965e-06,
        4.4217559775360534e-07,
        1.2686578407728949e-06,
        1.6883415256883e-07,
        2.883226106374699e-07,
        9.269628063677123e-08,
        1.3270405766655613e-07
      ]
    },
    "BCD_x0_y": {
      "weight": 5.0,
      "non_negative": true,
      "display_sqrt": true,
      "log": [
        0.0005339097737895239,
        2.742369252864119,
        14.744447222420522,
        37.74740871304307,
        36.10231628022039,
        39.60649886893231,
        39.88471179582207,
        36.81998048124052,
        33.48762464467431,
        30.765109404813565,
        27.93434517695493,
        27.93434517695493,
        9.714730292539182,
        2.8193201215203114,
        0.03245512294139402,
        0.014832337848261918,
        0.027973771332108002,
        0.004398655161672027,
        0.023812522788838407,
        0.0033879053942078084,
        0.0015992001603030103,
        0.0008424160997775701,
        0.00021835233339655976,
        0.00011854140779522679,
        3.786670274972454e-05,
        1.4082169048257758e-06,
        1.543735033742513e-05,
        3.7778899587610325e-06,
        9.240118799536893e-06,
        3.3267008999678192e-06,
        4.970014455827495e-06,
        2.1810730258893105e-06,
        1.6057329385512969e-06,
        4.493995351145205e-06,
        1.4387167448333077e-06,
        1.012421700049612e-06,
        3.216730235398464e-07
      ]
    },
    "BCD_y0": {
      "weight": 10.0,
      "non_negative": true,
      "display_sqrt": true,