{
  "log": {
    "iter": [
      0,
      10,
      20,
      30,
      40,
      50,
      60,
      70,
      80,
      90,
      100
    ],
    "round": [
      1,
      1,
      1,
      1,
      1,
      1,
      1,
      1,
      1,
      1,
      1
    ],
    "iter_round": [
      0,
      10,
      20,
      30,
      40,
      50,
      60,
      70,
      80,
      90,
      100
    ],
    "loss_global": [
      0.7177849329179407,
      0.5816150065394867,
      0.5851741808738898,
      0.5359615216379923,
      0.5209378195354315,
      0.5137471012710939,
      0.5091415266620025,
      0.5065142472020189,
      0.5039823134543545,
      0.5005459170219425,
      0.49555347366561897
    ]
  },
  "losses": {
    "BCD_u_x0": {
      "weight": 1.0,
      "non_negative": true,
      "display_sqrt": true,
      "log": [
        0.016239171007058774,
        0.06359848571417542,
        0.03149532878564406,
        0.06834610598472034,
        0.045031682768166215,
        0.056840143675170665,
        0.05106869189549317,
        0.05532805650425068,
        0.05584269555846078,
        0.05360797436805413,
        0.05324242223559219
      ]
    },
    "BCD_v_x0": {
      "weight": 1.0,
      "non_negative": true,
      "display_sqrt": true,
      "log": [
        0.011732070049127557,
        0.012457714333463566,
        0.012961384173927129,
        0.011398028995263355,
        0.010944914574027806,
        0.010674900669873276,
        0.010700356231741301,
        0.010743722767339097,
        0.010688565737713684,
        0.010731511589943616,
        0.010730019190178382
      ]
    },
    "BCD_u_x1": {
      "weight": 1.0,
      "non_negative": true,
      "display_sqrt": true,
      "log": [
        0.034187500744730016,
        0.07353417131282057,
        0.06823773581991131,
        0.042622638792694276,
        0.0518284792885989,
        0.048345254416940577,
        0.05178567584203729,
        0.05001704347930034,
        0.04824330990055903,
        0.04793377104226086,
        0.04622043689430911
      ]
    },
    "BCD_v_x1": {
      "weight": 1.0,
      "non_negative": true,
      "display_sqrt": true,
      "log": [
        0.01239203891750271,
        0.010372444076482546,
        0.01559203605014914,
        0.010239383428128229,
        0.011839363903344632,
        0.010205827000547549,
        0.010135951751097072,
        0.009970351158723629,
        0.010016461462409094,
        0.009994862418394536,
        0.009976559251735321
      ]
    },
    "BCD_u_y0": {
      "weight": 1.0,
      "non_negative": true,
      "display_sqrt": true,
      "log": [
        0.014360295318278786,
        0.01351078403531085,
        0.014078742405475375,
        0.03892134669362153,
        0.02143639792291464,
        0.026894327590666497,
        0.021973787990110034,
        0.02471692448117919,
        0.02487578476402313,
        0.023739134081964167,
        0.02350990281446018
      ]
    },
    "BCD_v_y0": {
      "weight": 1.0,
      "non_negative": true,
      "display_sqrt": true,
      "log": [
        0.01105604267940753,
        0.010042240772898541,
        0.012090400205537725,
        0.010191028824755298,
        0.01118340493391097,
        0.009858169539835124,
        0.00976937953581395,
        0.009708146571376893,
        0.009721471473397268,
        0.009733945924584635,
        0.009735039544750535
      ]
    },
    "BCD_u_y1": {
      "weight": 1.0,
      "non_negative": true,
      "display_sqrt": true,
      "log": [
        0.5093888932569866,
        0.17881964800828684,
        0.26264196066083717,
        0.20149411659905814,
        0.23076312170319416,
        0.2066073654973413,
        0.21321764260211432,
        0.2032096332363897,
        0.20254287196388043,
        0.20380680097779935,
        0.20067788288630958
      ]
    },
    "BCD_v_y1": {
      "weight": 1.0,
      "non_negative": true,
      "display_sqrt": true,
      "log": [
        0.011841029444638525,
        0.013218776379370627,
        0.01738123596972839,
        0.01020846161238957,
        0.010122108632183236,
        0.010199107222133416,
        0.01005011104570799,
        0.01001658959262531,
        0.010037151303121179,
        0.010022822411751802,
        0.010024492779587453
      ]
    },
    "IC_u": {
      "weight": 1.0,
      "non_negative": true,
      "display_sqrt": true,
      "log": [
        0.012653302870948567,
        0.0564004153941262,
        0.036713606414065916,
        0.043511937493023956,
        0.03763105348890909,
        0.04158543260152095,
        0.04044384343368321,
        0.04180608808058067,
        0.04145792104605476,
        0.040827500946779054,
        0.04100430641841747
      ]
    },
    "IC_v": {
      "weight": 1.0,
      "non_negative": true,
      "display_sqrt": true,
      "log": [
        0.0008231191474877406,
        0.0008860450054895618,
        0.004469146171374124,
        0.00042537993169082376,
        0.0007152768718616362,
        7.71937569038227e-05,
        0.00011289123755071815,
        4.9705130214221776e-05,
        8.043834321602025e-05,
        7.822297943504061e-05,
        8.267014646874239e-05
      ]
    },
    "IC_p": {
      "weight": 1.0,
      "non_negative": true,
      "display_sqrt": true,
      "log": [
        0.005146981312305229,
        0.019699913147551783,
        0.00919844447595419,
        0.0034860182829279463,
        0.0013345247732292577,
        0.0007043443388527358,
        9.856601854013902e-05,
        6.878938984303646e-05,
        1.6361320720982112e-05,
        6.639711834853445e-06,
        2.0543893578977546e-05
      ]
    },
    "COL_u": {
      "weight": 1.0,
      "non_negative": true,
      "display_sqrt": true,
      "log": [
        0.04586498312378174,
        0.08416061999617985,
        0.06445730507220622,
        0.06732462681856921,
        0.06364187918348176,
        0.06686121799477145,
        0.06652042778001957,
        0.06756165643026628,
        0.06729432321855079,
        0.0669305263320447,
        0.0672333361405926
      ]
    },
    "COL_v": {
      "weight": 1.0,
      "non_negative": true,
      "display_sqrt": true,
      "log": [
        0.016449675384712047,
        0.015904876335255103,
        0.017001672545021156,
        0.014637317499531673,
        0.013104728519915567,
        0.014734778517874279,
        0.013486838206122618,
        0.013618796033502644,
        0.013534261789285617,
        0.013483002862354172,
        0.013453697828363993
      ]
    },
    "COL_p": {
      "weight": 1.0,
      "non_negative": true,
      "display_sqrt": true,
      "log": [
        0.01564982966097499,
        0.029008872028075342,
        0.018855182124057925,
        0.013155130681617952,
        0.01136088297169369,
        0.010159038448662273,
        0.009777363091971211,
        0.009698744346427172,
        0.009630695572961766,
        0.009649201374741598,
        0.00964216364127443
      ]
    }
  },
  "losses_test": {
    "u_fit": {
      "weight": 1.0,
      "non_negative": true,
      "display_sqrt": true,
      "log": [
        0.03433669584193869,
        0.06880197045829754,
        0.05068281317841337,
        0.05310582655213623,
        0.04966745573552578,
        0.05257659888173537,
        0.052281553866305196,
        0.05322298009690342,
        0.0529843375306624,
        0.05268181515646138,
        0.05300955263953655
      ]
    },
    "v_fit": {
      "weight": 1.0,
      "non_negative": true,
      "display_sqrt": true,
      "log": [
        0.006173634723229964,
        0.005829436065176837,
        0.007719217076521611,
        0.004136807059136699,
        0.003201291926838912,
        0.004405192216491255,
        0.0033883486362169583,
        0.0034492474573730105,
        0.0034232395491679258,
        0.0033671269885741694,
        0.003352883664272693
      ]
    },
    "p_fit": {
      "weight": 1.0,
      "non_negative": true,