{
  "log": {
    "iter": [
      0,
      10,
      20,
      30,
      40,
      50,
      60,
      70,
      80,
      90,
      100,
      101,
      111,
      121,
      131,
      141,
      151,
      161,
      171,
      181,
      191,
      201,
      211,
      221,
      231,
      241,
      251,
      261,
      271,
      281,
      291,
      301,
      311,
      321,
      331,
      341,
      351,
      361,
      371,
      381,
      391,
      401,
      411,
      421,
      431,
      441,
      451,
      461,
      471,
      481,
      491,
      501,
      511,
      521,
      531,
      541,
      551,
      561,
      571,
      581,
      591,
      601
    ],
    "round": [
      1,
      1,
      1,
      1,
      1,
      1,
      1,
      1,
      1,
      1,
      1,
      2,
      2,
      2,
      2,
      2,
      2,
      2,
      2,
      2,
      2,
      2,
      2,
      2,
      2,
      2,
      2,
      2,
      2,
      2,
      2,
      2,
      2,
      2,
      2,
      2,
      2,
      2,
      2,
      2,
      2,
      2,
      2,
      2,
      2,
      2,
      2,
      2,
      2,
      2,
      2,
      2,
      2,
      2,
      2,
      2,
      2,
      2,
      2,
      2,
      2,
      2
    ],
    "iter_round": [
      0,
      10,
      20,
      30,
      40,
      50,
      60,
      70,
      80,
      90,
      100,
      0,
      10,
      20,
      30,
      40,
      50,
      60,
      70,
      80,
      90,
      100,
      110,
      120,
      130,
      140,
      150,
      160,
      170,
      180,
      190,
      200,
      210,
      220,
      230,
      240,
      250,
      260,
      270,
      280,
      290,
      300,
      310,
      320,
      330,
      340,
      350,
      360,
      370,
      380,
      390,
      400,
      410,
      420,
      430,
      440,
      450,
      460,
      470,
      480,
      490,
      500
    ],
    "loss_global": [
      9996493721.181011,
      8794394784.760225,
      3786988550.531205,
      244139534.27685523,
      159688755.68541571,
      17900929.717649095,
      7876331.549311599,
      2940305.35242709,
      1617982.2078893885,
      823005.9813697999,
      643526.2812060686,
      643526.2812060686,
      181293.62631394577,
      34684.039113219405,
      11883.192664370057,
      4080.887379240119,
      2297.9159674545726,
      1745.4212822045654,
      1385.46016466936,
      1186.3370112745079,
      962.7329491494752,
      774.8889827135431,
      655.3849009045698,
      601.267896587415,
      556.0257463896437,
      520.5705351934762,
      474.6014584268821,
      422.4201700471125,
      378.5776330134598,
      355.1756691660326,
      333.86124335772956,
      312.09149198185094,
      291.5888182443359,
      273.4678250153965,
      252.7869459088745,
      240.93701726285167,
      229.39359850907582,
      218.34434990113135,
      206.90100663184722,
      197.1807902294719,
      188.62095923855694,
      178.2277239311732,
      171.5240131352296,
      165.15425409215817,
      158.8382552444114,
      153.54408345828767,
      148.2231612058213,
      142.14477661357694,
      138.47684734383643,
      135.8331021817634,
      133.63128880721735,
      131.8890278625488,
      130.40998185526652,
      129.3228729252845,
      128.31962570594246,
      127.18305303984536,
      126.32173385035338,
      125.18071502478654,
      124.1178818797172,
      123.25874026349356,
      122.51902273339562,
      121.73627272027994
    ]
  },
  "losses": {
    " PDE_U": {
      "weight": 2.0,
      "non_negative": true,
      "display_sqrt": true,
      "log": [
        4998237989.425167,
        4391858500.140921,
        1765967790.0194557,
        83064595.87416176,
        77460422.50985493,
        6516295.34202963,
        3084530.512772911,
        1235159.4127040165,
        627064.617277703,
        323054.011770096,
        239464.1701977563,
        239464.1701977563,
        78434.9924243698,
        14288.408420808822,
        4726.025024303552,
        1064.9586851545776,
        227.75946187510155,
        133.3753987426098,
        45.68493957794963,
        52.40723094301438,
        56.817602201261295,
        73.40620963312296,
        59.524570534250955,
        54.37361304385954,
        45.43172976982315,
        40.42331051724938,
        36.868344196440596,
        32.48685546723113,
        31.01334605811436,
        32.117295741616,
        29.189410309216033,
        23.85367976791813,
        20.579826975151946,
        18.52725662226266,
        12.610358152722394,
        10.894850074501838,
        9.077104672445044,
        7.062133965426415,
        5.487938259162863,
        4.360796838617765,
        4.35011173880989,
        4.709765399176041,
        4.624853462438988,
        3.7518965219022546,
        3.1618099277158422,
        4.111161711636763,
        4.901930858506817,
        4.723397551495878,
        4.817296266108127,
        5.17358214812298,
        5.172714263606469,
        4.955234398915472,
        5.073607459899383,
        5.283835616434533,
        5.379761702600215,
        5.3347206685539845,
        5.056368846340893,
        4.43492167905187,
        4.046624909944825,
        3.7130940762148925,
        3.4651438215574224,
        3.137008352952966
      ]
    },
    " PDE_V": {
      "weight": 2.0,
      "non_negative": true,
      "display_sqrt": true,
      "log": [
        8870.152003261885,
        5338818.016600818,
        127526059.33832961,
        39004605.32485779,
        2383185.1179971285,
        2433241.3930138587,
        852966.0469825391,
        234347.87978326646,
        181230.04382001903,
        87747.1360053501,
        81587.98777046317,
        81587.98777046317,
        11468.91016740224,
        2278.359125312444,
        444.49473073765637,
        190.60699083519742,
        165.44288439189796,
        45.469220168688146,
        39.77673195001914,
        26.096428051967923,
        33.478587456481065,
        18.864000750823326,
        12.223881661808875,
        9.13781044701695,
        10.913339886787883,
        9.031008929026815,
        7.709296394371974,
        7.776229657931918,
        6.504248952842686,
        3.8913142971090817,
        2.484390701577171,
        3.8671384809217018,
        3.5460677952643995,
        2.585287474319721,
        4.96525904718988,
        4.286827157770856,
        4.1457594982360675,
        3.7261848298018405,
        3.392920344410221,
        3.10061408552061,
        2.8027421761162055,
        2.0031386828335394,
        1.5646684503752084,
        1.5847515343905507,
        1.2772198386908042,
        0.7356974028743821,
        1.1738099624783547,
        1.8554514807222426,
        1.8875556405413945,
        1.4251619144093417,
        1.152939964700016,
        1.0720707617463963,
        0.987251680042515,
        0.8511238038663603,
        0.7182634678740822,
        0.45088478704622525,
        0.4367602590347591,
        0.45202184103702236,
        0.3784328705706536,
        0.343273020404604,
        0.20300339729831463,
        0.11851236569609179
      ]
    },
    "BCD_x0": {
      "weight": 10.0,
      "non_negative": true,
      "display_sqrt": true,