{
  "log": {
    "iter": [
      0,
      10,
      20,
      30,
      40,
      50,
      60,
      70,
      80,
      90,
      100,
      101,
      111,
      121,
      131,
      141,
      151,
      161,
      171,
      181,
      191,
      201,
      211,
      221,
      231,
      241,
      251,
      261,
      271,
      281,
      291
    ],
    "round": [
      1,
      1,
      1,
      1,
      1,
      1,
      1,
      1,
      1,
      1,
      1,
      2,
      2,
      2,
      2,
      2,
      2,
      2,
      2,
      2,
      2,
      2,
      2,
      2,
      2,
      2,
      2,
      2,
      2,
      2,
      2
    ],
    "iter_round": [
      0,
      10,
      20,
      30,
      40,
      50,
      60,
      70,
      80,
      90,
      100,
      0,
      10,
      20,
      30,
      40,
      50,
      60,
      70,
      80,
      90,
      100,
      110,
      120,
      130,
      140,
      150,
      160,
      170,
      180,
      190
    ],
    "loss_global": [
      1.3382174220387513,
      0.7066953699157605,
      0.5521494115673022,
      0.5442238174944944,
      0.5356357459353936,
      0.5325214471740544,
      0.5295151529924468,
      0.526683153701615,
      0.5229751251772555,
      0.5173490164044264,
      0.5079828394202677,
      0.5079828394202677,
      0.40929452340629074,
      0.31162661738217745,
      0.2034990194948724,
      0.16250068684415153,
      0.14751215460392336,
      0.1397905125025392,
      0.13505983425443296,
      0.13207936334566017,
      0.12989144229623692,
      0.12880116204655395,
      0.12778966499337463,
      0.12705941382129318,
      0.1260271699867344,
      0.12509288696763132,
      0.12442568358586432,
      0.12376601273618279,
      0.1233745066577345,
      0.12275693617342133,
      0.12233422696357105
    ]
  },
  "losses": {
    "BCD_u_x0": {
      "weight": 1.0,
      "non_negative": true,
      "display_sqrt": true,
      "log": [
        0.010768910833250048,
        0.06331039564734013,
        0.06777764849147365,
        0.0553596184506161,
        0.058311121779392835,
        0.05527719767039553,
        0.0569453564812929,
        0.05514449601787373,
        0.054748383442695496,
        0.05333912168516319,
        0.05079744206290971,
        0.05079744206290971,
        0.035830263448351996,
        0.02431925888870584,
        0.020295232981290767,
        0.01593094412514887,
        0.01527410529705414,
        0.01229829373149741,
        0.012023290752184062,
        0.01164024035948567,
        0.01140315142704227,
        0.011345758136297441,
        0.011289886175064415,
        0.011121891647794214,
        0.011059087867757349,
        0.011113826864876684,
        0.011044045940904136,
        0.01100703446000672,
        0.011015281803638694,
        0.010937082616000033,
        0.010892115883088924
      ]
    },
    "BCD_v_x0": {
      "weight": 1.0,
      "non_negative": true,
      "display_sqrt": true,
      "log": [
        0.04099196262358041,
        0.012235142464215549,
        0.010165728736481774,
        0.012479186145708646,
        0.010149515048482105,
        0.010088158177676672,
        0.010120327265082994,
        0.01014494261800874,
        0.010092853639346705,
        0.010090882388558927,
        0.01009268884965033,
        0.01009268884965033,
        0.010268765783533028,
        0.010313150744523988,
        0.010883709933932083,
        0.010251876558562278,
        0.010381039743472245,
        0.010505721476036609,
        0.010224590176555278,
        0.010130756517498014,
        0.010082497368146292,
        0.010049964262801633,
        0.010072334089075393,
        0.010156563193658581,
        0.010247976224982153,
        0.0101014630950472,
        0.01003670876906707,
        0.01004045264810296,
        0.010049542670542418,
        0.010036820489096652,
        0.010041459883865692
      ]
    },
    "BCD_u_x1": {
      "weight": 1.0,
      "non_negative": true,
      "display_sqrt": true,
      "log": [
        0.01747984483919737,
        0.11785466483398539,
        0.057191508071134906,
        0.05249910875338449,
        0.05599416839771179,
        0.05774364104909544,
        0.051988534547746455,
        0.052863285534066266,
        0.05200096411523548,
        0.05023480209900501,
        0.048100471689362656,
        0.048100471689362656,
        0.03617825947895001,
        0.039523857956478045,
        0.03213424469805153,
        0.020190735673274146,
        0.016042807336169335,
        0.01390556890101757,
        0.0126608769234752,
        0.011837053035259507,
        0.011430746287615565,
        0.011069278372274215,
        0.010778094427215296,
        0.010563271454264533,
        0.010195681984417835,
        0.01004930982058533,
        0.010052009974585881,
        0.010032530525421066,
        0.010010331776148474,
        0.00991508002767952,
        0.009868605653000856
      ]
    },
    "BCD_v_x1": {
      "weight": 1.0,
      "non_negative": true,
      "display_sqrt": true,
      "log": [
        0.08252348242662426,
        0.012171166192621074,
        0.01234844189548507,
        0.011218668806573465,
        0.009997278693501322,
        0.010143110649696226,
        0.009879565557470308,
        0.010050164572452313,
        0.010019725610062615,
        0.010040004871883546,
        0.010067268873241005,
        0.010067268873241005,
        0.010428778455894995,
        0.010352314658942787,
        0.010504560486084884,
        0.010405957222409008,
        0.010372878599438801,
        0.01004546314484469,
        0.010196864362125633,
        0.010482822533238885,
        0.010277207042132336,
        0.010104550812136077,
        0.010085830263015991,
        0.010050273811444516,
        0.010062244453315336,
        0.010089202833995668,
        0.009984277862456654,
        0.009932262715494434,
        0.009970150317001582,
        0.010037618526421085,
        0.009992593080635664
      ]
    },
    "BCD_u_y0": {
      "weight": 1.0,
      "non_negative": true,
      "display_sqrt": true,
      "log": [
        0.013412638899583895,
        0.012880187209024936,
        0.027489302708871934,
        0.026537719490785077,
        0.0246367058349712,
        0.021769341135700136,
        0.02572274485898693,
        0.024609929400487073,
        0.02438112878935583,
        0.023615142257117944,
        0.022266061800684567,
        0.022266061800684567,
        0.017339717158608017,
        0.015161211251193395,
        0.011731619920478853,
        0.011118210219620056,
        0.010518274005383693,
        0.010520889814722887,
        0.010570336988720027,
        0.01052466907972407,
        0.01050542146243103,
        0.01052957262715213,
        0.010515346341140208,
        0.010523051699679941,
        0.010514922749893749,
        0.01050387911235948,
        0.010498647885211203,
        0.01050389415328818,
        0.0105025171099647,
        0.010503994913930776,
        0.010502082356180612
      ]
    },
    "BCD_v_y0": {
      "weight": 1.0,
      "non_negative": true,
      "display_sqrt": true,