{
  "log": {
    "iter": [
      0,
      10,
      20,
      30,
      40,
      50,
      60,
      70,
      80,
      90,
      100,
      101,
      111,
      121,
      131,
      141,
      151,
      161,
      171,
      181,
      191,
      201,
      211,
      221,
      231,
      241,
      251,
      261,
      271,
      281,
      291
    ],
    "round": [
      1,
      1,
      1,
      1,
      1,
      1,
      1,
      1,
      1,
      1,
      1,
      2,
      2,
      2,
      2,
      2,
      2,
      2,
      2,
      2,
      2,
      2,
      2,
      2,
      2,
      2,
      2,
      2,
      2,
      2,
      2
    ],
    "iter_round": [
      0,
      10,
      20,
      30,
      40,
      50,
      60,
      70,
      80,
      90,
      100,
      0,
      10,
      20,
      30,
      40,
      50,
      60,
      70,
      80,
      90,
      100,
      110,
      120,
      130,
      140,
      150,
      160,
      170,
      180,
      190
    ],
    "loss_global": [
      0.289881061155887,
      0.047931658317440534,
      0.03527916071586677,
      0.03337723912014215,
      0.03278852203871673,
      0.03266818504617,
      0.032491153395959635,
      0.03237707786647397,
      0.03224693410163799,
      0.032094848623029665,
      0.03190067091846557,
      0.03190067091846557,
      0.02769007527596859,
      0.02548658212633504,
      0.022227515769584982,
      0.01698926094797634,
      0.015573973333686375,
      0.014775850940951175,
      0.013817385123639392,
      0.013336041236630293,
      0.012942761265849643,
      0.012826810236376041,
      0.012685322377714484,
      0.012533149359410786,
      0.012353498001961,
      0.012167222758787559,
      0.011923267324867324,
      0.01168446247278375,
      0.011593494454982287,
      0.011485246896113126,
      0.011405525376340542
    ]
  },
  "losses": {
    "COL_u": {
      "weight": 1.0,
      "non_negative": true,
      "display_sqrt": true,
      "log": [
        0.02514217427014719,
        0.025860449869039168,
        0.023702246199327398,
        0.021988348660660503,
        0.021366545788813474,
        0.021265724188156192,
        0.021181287953014886,
        0.02109181326647814,
        0.020991846150616347,
        0.020861992009013706,
        0.0206988550924668,
        0.0206988550924668,
        0.01663187707059719,
        0.01447492278938022,
        0.010487225934146704,
        0.005816289102809849,
        0.0047665446228272144,
        0.004101501392041869,
        0.0031251200404876374,
        0.0027674356517268747,
        0.0025256700212406987,
        0.0024607379616521604,
        0.0023552801951520577,
        0.0022740538133055425,
        0.0021069545090572866,
        0.0019680282168367444,
        0.0017268614496298712,
        0.0014938954170003011,
        0.001448041587180971,
        0.0013926359110148175,
        0.0013355597857864154
      ]
    },
    "COL_v": {
      "weight": 1.0,
      "non_negative": true,
      "display_sqrt": true,
      "log": [
        0.1900995200179484,
        0.01097978710060786,
        0.0023708290393240163,
        0.0022593618857845656,
        0.002279949829819428,
        0.002268787394218624,
        0.002232358905389272,
        0.0022097092716363317,
        0.0021951735819322744,
        0.002181011504754348,
        0.0021561349466025855,
        0.0021561349466025855,
        0.0019308641767479802,
        0.0016470995687270118,
        0.0015530451073619824,
        0.00167183899479339,
        0.0016512207652803548,
        0.0015491797518972937,
        0.0016137968672056322,
        0.0015078593625048571,
        0.0013487590903484704,
        0.0013087399100155427,
        0.0012835626850497147,
        0.0012338306231672654,
        0.0012401662618759786,
        0.0011917718712470733,
        0.0012348783952576253,
        0.001270014489456632,
        0.001240623729129495,
        0.0011838093081268934,
        0.0011847859173783001
      ]
    },
    "COL_p": {
      "weight": 1.0,
      "non_negative": true,
      "display_sqrt": true,
      "log": [
        0.07463936686779142,
        0.011091421347793503,
        0.00920608547721536,
        0.009129528573697077,
        0.009142026420083832,
        0.009133673463795181,
        0.009077506537555475,
        0.0090755553283595,
        0.009059914369089364,
        0.009051845109261606,
        0.009045680879396185,
        0.009045680879396185,
        0.009127334028623415,
        0.009364559768227807,
        0.010187244728076295,
        0.009501132850373099,
        0.009156207945578806,
        0.009125169797012011,
        0.009078468215946123,
        0.009060746222398561,
        0.009068332154260474,
        0.009057332364708338,
        0.009046479497512711,
        0.00902526492293798,
        0.009006377231027735,
        0.00900742267070374,
        0.008961527479979827,
        0.008920552566326817,
        0.008904829138671822,
        0.008908801676971414,
        0.008885179673175826
      ]
    }
  },
  "losses_test": {
    "u_fit": {
      "weight": 1.0,
      "non_negative": true,
      "display_sqrt": true,
      "log": [
        0.02744405991704418,
        0.02929958699013252,
        0.027415377646281852,
        0.024674481553962232,
        0.02436951701153326,
        0.024226705748164094,
        0.024061622604122306,
        0.02399532663383906,
        0.023870244914230995,
        0.02373218121386326,
        0.023555682076458737,
        0.023555682076458737,
        0.01860362458832806,
        0.016002425121217797,
        0.011514028907430503,
        0.0059208325705963185,
        0.004634995313885325,
        0.0038629966050720394,
        0.0028406635313304946,
        0.002482779573576119,
        0.0022798219794351276,
        0.0022698700997680747,
        0.0021666735190083355,
        0.002076139018057389,
        0.0018327866348593494,
        0.0017127823794161295,
        0.0013806296481753124,
        0.0011593979990236166,
        0.0010747057989668987,
        0.0010235347398316846,
        0.0009529518549473526
      ]
    },
    "v_fit": {
      "weight": 1.0,
      "non_negative": true,
      "display_sqrt": true,
      "log": [
        0.18888027785798278,
        0.01063799048503037,
        0.002649493120536778,
        0.0023997816302987474,
        0.002453404333136305,
        0.0024280097566644677,
        0.0023967520589603265,
        0.0023502376069465124,
        0.0023471886614140455,
        0.0023454620476653083,
        0.002310987999852646,
        0.002310987999852646,
        0.0020550343919197925,
        0.001989747031925825,
        0.0018554808344965206,
        0.002129858851339593,
        0.0019854282121255814,
        0.0018626051725632298,
        0.0019506876412166757,
        0.0018319046349231198,
        0.0016161695122589605,
        0.0015244638555927475,
        0.0014590449690681363,
        0.0014057044073680375,
        0.001384984983847556,
        0.0013040287101041455,
        0.0013523569891895452,
        0.0013685842586842383,
        0.0013557051182640305,
        0.001307037269729435,
        0.001327049333237332
      ]
    },
    "p_fit": {
      "weight": 1.0,
      "non_negative": true,
      "display_sqrt": true,