{
  "log": {
    "iter": [
      0,
      10,
      20,
      30,
      40,
      50,
      60,
      70,
      80,
      90,
      100
    ],
    "round": [
      1,
      1,
      1,
      1,
      1,
      1,
      1,
      1,
      1,
      1,
      1
    ],
    "iter_round": [
      0,
      10,
      20,
      30,
      40,
      50,
      60,
      70,
      80,
      90,
      100
    ],
    "loss_global": [
      6261.396840162085,
      537.5768570659982,
      81.32338226017845,
      108.68693849894662,
      71.98219922366006,
      43.29156997320356,
      32.000624318751946,
      29.217577849292212,
      27.813953053491634,
      26.726242438372793,
      25.719987312135476
    ]
  },
  "losses": {
    "PDE_MASS": {
      "weight": 0.01,
      "non_negative": true,
      "display_sqrt": true,
      "log": [
        5.874548286395209,
        0.6734545687355289,
        0.0350546872585455,
        0.13602255070996516,
        0.07481840752680603,
        0.010217916827838597,
        0.0010288117404345645,
        0.007894191071745755,
        0.00896934755512535,
        0.009601648350626324,
        0.011588174906086051
      ]
    },
    "PDE_MOMU": {
      "weight": 0.01,
      "non_negative": true,
      "display_sqrt": true,
      "log": [
        524005.8524234114,
        37950.72416991241,
        578.6623888844928,
        7022.966445095501,
        3864.937939945247,
        1217.2295201305994,
        216.2300726888479,
        48.2949863425342,
        24.712288867457158,
        22.880185270643562,
        19.977952685370447
      ]
    },
    "PDE_MOMV": {
      "weight": 0.01,
      "non_negative": true,
      "display_sqrt": true,
      "log": [
        98817.70133541146,
        12404.644969711315,
        4181.127938621078,
        512.382680909129,
        162.62074896265176,
        97.59758719370694,
        77.66503872173591,
        78.92803063826496,
        63.98534860249906,
        55.62573901047241,
        54.12172020072014
      ]
    },
    "BCD_u_x0": {
      "weight": 1.0,
      "non_negative": true,
      "display_sqrt": true,
      "log": [
        0.11904057885991975,
        0.25553881264304357,
        0.040034161386723104,
        0.09369667384807197,
        0.04994111151874873,
        0.018649991977762702,
        0.011323812436001935,
        0.007147681593366986,
        0.005827459300507881,
        0.005155999048199626,
        0.004612535957584646
      ]
    },
    "BCD_v_x0": {
      "weight": 1.0,
      "non_negative": true,
      "display_sqrt": true,
      "log": [
        0.014923038646424287,
        0.003970729264911243,
        0.000915946425178768,
        0.008430986156407977,
        0.014945892668111478,
        0.012390634753142869,
        0.014363813621817972,
        0.012776705118763707,
        0.012248217186046899,
        0.011707598490535081,
        0.011092461186290849
      ]
    },
    "BCD_u_x1": {
      "weight": 1.0,
      "non_negative": true,
      "display_sqrt": true,
      "log": [
        0.04162947577246868,
        0.21935071904812112,
        0.09784317923360351,
        0.13345232680318703,
        0.05272953744530147,
        0.009138917608358733,
        0.0051220789397414725,
        0.0019136980889269753,
        0.0013935690424770886,
        0.0012046880005845138,
        0.001033172096275267
      ]
    },
    "BCD_v_x1": {
      "weight": 1.0,
      "non_negative": true,
      "display_sqrt": true,
      "log": [
        0.017465376567209256,
        0.0050878009647877505,
        0.0020250982899143594,
        0.004566451133554389,
        0.011312336341080228,
        0.009025826779736847,
        0.011206873853870305,
        0.009698531845060166,
        0.009218775773844135,
        0.008721274498767598,
        0.008177933957138938
      ]
    },
    "BCD_u_y0": {
      "weight": 1.0,
      "non_negative": true,
      "display_sqrt": true,
      "log": [
        0.006281341344043663,
        0.0030424415767752577,
        0.07015116244578508,
        0.04661972387071219,
        0.013079073274442611,
        0.0021660884560284668,
        0.0007116025159554498,
        0.0003122680594328261,
        0.00022797552937738185,
        0.00019584726883361585,
        0.00018106262241994716
      ]
    },
    "BCD_v_y0": {
      "weight": 1.0,
      "non_negative": true,
      "display_sqrt": true,
      "log": [
        0.018092544498288066,
        0.0006373786507928268,
        0.0012009566692062917,
        0.006653254635598273,
        0.008933447486882025,
        0.00741836887197131,
        0.008092803822852256,
        0.007416561645031383,
        0.00718416405640617,
        0.006960791816643976,
        0.006726282270997613
      ]
    },
    "BCD_u_y1": {
      "weight": 1.0,
      "non_negative": true,
      "display_sqrt": true,
      "log": [
        1.5304608857839532,
        0.001171324410103865,
        1.0019121820636057,
        1.3939869059019219,
        1.1280509331810094,
        0.8440378443116157,
        0.7839648348643009,
        0.7232172608200068,
        0.7062235839378836,
        0.6978195219316262,
        0.6895249096765633
      ]
    },
    "BCD_v_y1": {
      "weight": 1.0,
      "non_negative": true,
      "display_sqrt": true,
      "log": [
        0.012772444803830768,
        0.015226755392606435,
        0.0032276838706388022,
        0.005735719450457972,
        0.016638550900940196,
        0.01347775951337735,
        0.017064750501086603,
        0.014646617294036077,
        0.013874525431039841,
        0.013058216984803316,
        0.012133617049652436
      ]
    },
    "COL_u": {
      "weight": 1.0,
      "non_negative": true,
      "display_sqrt": true,
      "log": [
        0.09943391125065221,
        0.18041107013258287,
        0.0743445370819416,
        0.11579040945825957,
        0.06483201863587247,
        0.0341216976434526,
        0.02977824812459995,
        0.026646125295492283,
        0.02594653369690271,
        0.02561088299194803,
        0.025259196561966842
      ]
    },
    "COL_v": {
      "weight": 1.0,
      "non_negative": true,
      "display_sqrt": true,
      "log": [
        0.011062553944863458,
        0.013005768144839683,
        0.016289089503164288,
        0.02970091345055324,
        0.03852528106588793,
        0.03528448782142994,
        0.03789608528002568,
        0.0358845458922354,
        0.0352141264303344,
        0.03452169635634375,
        0.03373713863395742
      ]
    },
    "COL_p": {
      "weight": 1.0,
      "non_negative": true,
      "display_sqrt": true,
      "log": [
        31.23139493952067,
        33.318988323844906,
        32.41718444128039,
        31.4934536486845,
        30.30687596798753,
        29.157485103055336,
        28.142138012568456,
        27.105608741921152,
        26.109528054931697,
        25.13613066168984,
        24.186396391512663
      ]
    }
  },
  "losses_test": {
    "u_fit": {
      "weight": 1.0,
      "non_negative": true,
      "display_sqrt": true,
      "log": [
        0.13027896260921576,
        0.21461368754028093,
        0.09043491595514609,
        0.1472801961812018,
        0.08562165416441529,
        0.04471279091061731,
        0.03866600271688808,
        0.033814590587347655,
        0.032674018859880236,
        0.03213499909940276,
        0.03159427227142426
      ]
    },
    "v_fit": {
      "weight": 1.0,
      "non_negative": true,
      "display_sqrt": true,
      "log": [
        0.014008641234085873,
        0.025271254181394708,
        0.02367178119425972,
        0.026764070240757647,
        0.032583289963727384,
        0.030277544923646062,
        0.03212035294267165,
        0.030678329626624826,
        0.030205127434101392,
        0.029721521403698863,
        0.029177480932300055
      ]
    },
    "p_fit": {
      "weight": 1.0,
      "non_negative": true,
      "display_sqrt": true,