{
  "log": {
    "iter": [
      0,
      10,
      20,
      30,
      40,
      50,
      60,
      70,
      80,
      90,
      100
    ],
    "round": [
      1,
      1,
      1,
      1,
      1,
      1,
      1,
      1,
      1,
      1,
      1
    ],
    "iter_round": [
      0,
      10,
      20,
      30,
      40,
      50,
      60,
      70,
      80,
      90,
      100
    ],
    "loss_global": [
      5.372894050971038,
      0.592364523816282,
      0.46710734364042605,
      0.4190494709623681,
      0.4127033613868852,
      0.40669529032537116,
      0.40316574986077447,
      0.40152642336586514,
      0.39996013140064496,
      0.39795148701604355,
      0.39550980110359396
    ]
  },
  "losses": {
    "PDE_MASS": {
      "weight": 0.01,
      "non_negative": true,
      "display_sqrt": true,
      "log": [
        1.5119615176397725,
        0.04684299781984713,
        0.003746711012436184,
        0.0006073992989780746,
        0.001546444551203219,
        0.0006095789339140882,
        0.0004272049623390231,
        0.0007338398151287517,
        0.0005631138745589531,
        0.0006932367185838775,
        0.0008663563093053039
      ]
    },
    "PDE_MOMU": {
      "weight": 0.01,
      "non_negative": true,
      "display_sqrt": true,
      "log": [
        0.04207345511524059,
        0.324318645538704,
        0.3044996292809241,
        0.024122374785165154,
        0.28351520578002226,
        0.11394592302474532,
        0.003950368877470724,
        0.013000638456414169,
        0.01031017356968784,
        0.0059534256811127955,
        0.0031783395058176153
      ]
    },
    "PDE_MOMV": {
      "weight": 0.01,
      "non_negative": true,
      "display_sqrt": true,
      "log": [
        37.0324524061509,
        7.342560892205279,
        1.1874579700380945,
        0.04130729256109145,
        0.026996889681937666,
        0.011851480997389746,
        0.0070850957200969235,
        0.01146194933259913,
        0.015907753228614166,
        0.028595461601003132,
        0.05191038979007577
      ]
    },
    "BCD_u_x0": {
      "weight": 1.0,
      "non_negative": true,
      "display_sqrt": true,
      "log": [
        0.02299727850544209,
        0.06362780016932458,
        0.031233045936655025,
        0.056230396078178015,
        0.03843960653691869,
        0.044267039445114065,
        0.04576560330993041,
        0.04359739479139765,
        0.04362614196191052,
        0.04469713088878145,
        0.0449619734045599
      ]
    },
    "BCD_v_x0": {
      "weight": 1.0,
      "non_negative": true,
      "display_sqrt": true,
      "log": [
        0.012419886431569525,
        0.0002414577465500205,
        1.2873084538161226e-05,
        8.438023389452472e-05,
        4.076837159644217e-05,
        7.067343216094348e-06,
        0.000387449916482407,
        4.6191828567391095e-05,
        1.7807498505806656e-05,
        3.833988865455818e-05,
        5.4972469139304656e-05
      ]
    },
    "BCD_u_x1": {
      "weight": 1.0,
      "non_negative": true,
      "display_sqrt": true,
      "log": [
        0.9730202374274546,
        0.01369417264307917,
        0.022252342269716202,
        0.06183520735044075,
        0.03994723851698514,
        0.03878463383132199,
        0.04126337473434051,
        0.03916007001556651,
        0.040104889772362325,
        0.040602589164624434,
        0.03996663948765954
      ]
    },
    "BCD_v_x1": {
      "weight": 1.0,
      "non_negative": true,
      "display_sqrt": true,
      "log": [
        0.13921521974276535,
        0.0036350943538011322,
        0.0030905736119614374,
        0.00039464536742371206,
        0.000315048684257016,
        4.787188929694045e-05,
        3.572330600093632e-05,
        4.712047301632137e-05,
        5.520669095276668e-05,
        5.508106095778371e-05,
        7.69054959839697e-05
      ]
    },
    "BCD_u_y0": {
      "weight": 1.0,
      "non_negative": true,
      "display_sqrt": true,
      "log": [
        0.30125454726109235,
        0.009521684582709062,
        0.014579417542495105,
        0.013265437553043538,
        0.01748160912480386,
        0.014808040433902474,
        0.012782632156828054,
        0.014585561578240858,
        0.014497385114365347,
        0.014076332986403182,
        0.013577293416551615
      ]
    },
    "BCD_v_y0": {
      "weight": 1.0,
      "non_negative": true,
      "display_sqrt": true,
      "log": [
        0.08062259961955098,
        0.0017958764231621792,
        0.0006270708906160359,
        5.69238796783475e-05,
        0.00024866083754104807,
        2.348308590508308e-05,
        7.415602492138542e-05,
        4.3944968747460144e-05,
        5.4459478504127926e-06,
        1.346890867439459e-05,
        1.4697877727551888e-05
      ]
    },
    "BCD_u_y1": {
      "weight": 1.0,
      "non_negative": true,
      "display_sqrt": true,
      "log": [
        2.2952388855471653,
        0.28778319202402186,
        0.2846681302952632,
        0.15136309796357683,
        0.21532747779901984,
        0.20696335233826904,
        0.1997406863659301,
        0.20523877322558912,
        0.20197460765003883,
        0.1973539335705855,
        0.19604132715119052
      ]
    },
    "BCD_v_y1": {
      "weight": 1.0,
      "non_negative": true,
      "display_sqrt": true,
      "log": [
        0.01888954051229399,
        0.0012183516658334824,
        0.001691449420084144,
        0.0007941247681781797,
        7.012338069369421e-05,
        7.839862796880588e-06,
        0.00019452142281105588,
        5.2735963393642235e-05,
        4.411235201570426e-05,
        5.777803386550346e-05,
        8.059183184536097e-05
      ]
    },
    "CI_u": {
      "weight": 1.0,
      "non_negative": true,
      "display_sqrt": true,
      "log": [
        0.3995735874365674,
        0.03410875559452494,
        0.028577155457144572,
        0.0631774650799797,
        0.0419073244985792,
        0.04437690103325334,
        0.0464366896652021,
        0.04410275239285458,
        0.044552426858029466,
        0.04533441696695478,
        0.045090311475065564
      ]
    },
    "CI_v": {
      "weight": 1.0,
      "non_negative": true,
      "display_sqrt": true,
      "log": [
        0.040577028245374756,
        0.001883402794020725,
        0.0012614243234035706,
        0.00030540308212838145,
        0.00018807305133033273,
        7.186156834532325e-06,
        8.142168227138805e-05,
        2.4626056880156934e-05,
        2.8964040729452e-05,
        2.5475406227792618e-05,
        3.4452648425754274e-05
      ]
    },
    "CI_p": {
      "weight": 1.0,
      "non_negative": true,
      "display_sqrt": true,
      "log": [
        0.08996683673564401,
        0.025337350489228992,
        0.010798363848621711,
        5.645490774526868e-05,
        0.0016714968062456431,
        0.0005711495891875381,
        3.835629553705837e-06,
        6.0072289669743883e-05,
        1.6406133908751135e-05,
        1.669006475746405e-05,
        6.71113547271676e-06
      ]
    },
    "COL_u": {
      "weight": 1.0,
      "non_negative": true,
      "display_sqrt": true,
      "log": [
        0.4672622415357628,
        0.04356917752314531,
        0.03879118441222876,
        0.0674878011082808,
        0.04921757176580681,
        0.051291232390797886,
        0.05328923220954498,
        0.051133853025096695,
        0.051552786613894015,
        0.05220404583569173,
        0.051973576340817826
      ]
    },
    "COL_v": {
      "weight": 1.0,
      "non_negative": true,
      "display_sqrt": true,
      "log": [
        0.05710430397724156,
        0.003842278317851467,
        0.0031426815531072935,
        0.003237634915319741,
        0.0031470734477078736,
        0.0035302765968864562,
        0.002963578458697949,
        0.003114849239397571,
        0.0031385303290437706,
        0.0030870437575424826,
        0.0030300782977436356
      ]
    },