{
  "log": {
    "iter": [
      0,
      10,
      20,
      30,
      40,
      50,
      60,
      70,
      80,
      90,
      100,
      101,
      111,
      121,
      131,
      141,
      151,
      161,
      171,
      181,
      191
    ],
    "round": [
      1,
      1,
      1,
      1,
      1,
      1,
      1,
      1,
      1,
      1,
      1,
      2,
      2,
      2,
      2,
      2,
      2,
      2,
      2,
      2,
      2
    ],
    "iter_round": [
      0,
      10,
      20,
      30,
      40,
      50,
      60,
      70,
      80,
      90,
      100,
      0,
      10,
      20,
      30,
      40,
      50,
      60,
      70,
      80,
      90
    ],
    "loss_global": [
      0.2756883110257981,
      0.03874852795981517,
      0.026248510808348155,
      0.024343302889686315,
      0.023792546425434397,
      0.023689476499548494,
      0.02350310730720961,
      0.023394982111344775,
      0.023266954322148495,
      0.023116407122040012,
      0.02292117300108524,
      0.02292117300108524,
      0.018498162827913393,
      0.016218633987951217,
      0.012280730081127225,
      0.007190106498425015,
      0.006257513615243916,
      0.005322606094244377,
      0.004482689227816918,
      0.004021867218825627,
      0.003836758591783784
    ]
  },
  "losses": {
    "COL_u": {
      "weight": 1.0,
      "non_negative": true,
      "display_sqrt": true,
      "log": [
        0.025143913809577458,
        0.026369717291439602,
        0.023682077654202056,
        0.022037753415011754,
        0.021426839363756608,
        0.02133956514151612,
        0.021250440002222835,
        0.021161887489586324,
        0.021058187080722088,
        0.02092384568880766,
        0.02075470216811931,
        0.02075470216811931,
        0.01659481411768566,
        0.014157999174347465,
        0.010000923806619967,
        0.005183049335079417,
        0.004487263855335016,
        0.003681195302816091,
        0.0029265478551099944,
        0.002658518112669667,
        0.0025084692605296596
      ]
    },
    "COL_v": {
      "weight": 1.0,
      "non_negative": true,
      "display_sqrt": true,
      "log": [
        0.18974163587028262,
        0.010925722919353575,
        0.0023293549670391368,
        0.0022126515084985063,
        0.0022274208716195967,
        0.0022171342522326223,
        0.0021802465728550484,
        0.0021575958071487584,
        0.0021422219839260263,
        0.002127420017434273,
        0.002101315755263351,
        0.002101315755263351,
        0.0017689351606146556,
        0.001630708118845351,
        0.001503114265352176,
        0.0017097290986253387,
        0.0016110130974325853,
        0.0014177634617299857,
        0.001505644181361501,
        0.0012989229082673887,
        0.0012687282453139465
      ]
    },
    "COL_p": {
      "weight": 1.0,
      "non_negative": true,
      "display_sqrt": true,
      "log": [
        0.06080276134593806,
        0.0014530877490219964,
        0.00023707818710696262,
        9.289796617605343e-05,
        0.00013828619005819384,
        0.00013277710579975277,
        7.242073213172787e-05,
        7.549881460969079e-05,
        6.654525750038135e-05,
        6.514141579807824e-05,
        6.515507770257668e-05,
        6.515507770257668e-05,
        0.00013441354961307692,
        0.00042992669475839927,
        0.0007766920091550818,
        0.0002973280647202588,
        0.00015923666247631463,
        0.00022364732969830004,
        5.049719134542222e-05,
        6.442619788857132e-05,
        5.9561085940177685e-05
      ]
    }
  },
  "losses_test": {
    "u_fit": {
      "weight": 1.0,
      "non_negative": true,
      "display_sqrt": true,
      "log": [
        0.027184842262157814,
        0.028422605363190703,
        0.024820132174435593,
        0.023571345737072782,
        0.0226901394178703,
        0.022647660802547882,
        0.022586936202530775,
        0.02249053520877925,
        0.02238799084572701,
        0.022235704300083217,
        0.022066983570172272,
        0.022066983570172272,
        0.01765784761028967,
        0.015403374623073366,
        0.009870288501606922,
        0.005337871649197499,
        0.004435805291747996,
        0.0034549045230028055,
        0.002459726631993201,
        0.001952024174083948,
        0.001789930911333689
      ]
    },
    "v_fit": {
      "weight": 1.0,
      "non_negative": true,
      "display_sqrt": true,
      "log": [
        0.19362644776747118,
        0.011594518972820655,
        0.0024042725940632685,
        0.0023543109187231536,
        0.0023245924071478804,
        0.0023488633419974114,
        0.002285030363551583,
        0.002282194561711955,
        0.0022620345641207727,
        0.0022382022938681094,
        0.002223484041666142,
        0.002223484041666142,
        0.0019103962012029776,
        0.0017284746602287881,
        0.001594207452539017,
        0.0017900113038308942,
        0.0017036050546317236,
        0.0014832577587914806,
        0.0015940758044394666,
        0.0013826582002724275,
        0.0013616542431068867
      ]
    },
    "p_fit": {
      "weight": 1.0,
      "non_negative": true,
      "display_sqrt": true,
      "log": [
        0.06020333796402315,
        0.001432002445914778,
        0.00019692710521235972,
        5.88800577281422e-05,
        0.0001036741161694654,
        0.00010554958396755057,
        3.629026368633222e-05,
        3.9177451317069255e-05,
        3.0834241982691504e-05,
        2.9039961963319613e-05,
        2.920690001063947e-05,
        2.920690001063947e-05,
        9.862888416712018e-05,
        0.00037544357256347237,
        0.000692091259885357,
        0.00027708207034856926,
        0.00013048202039211927,
        0.00021262008288116136,
        1.9887833029722894e-05,
        3.906432818904931e-05,
        3.0159324379349072e-05
      ]
    }
  },
  "log_rounds": {
    "rounds": [
      "keras_Adam",
      "scipy_BFGS"
    ],
    "iteration_start": [
      0,
      101
    ]
  }
}