{
  "log": {
    "iter": [
      0,
      10,
      20,
      30,
      40,
      50,
      60,
      70,
      80,
      90,
      100,
      101,
      111,
      121,
      131,
      141,
      151,
      161,
      171,
      181,
      191
    ],
    "round": [
      1,
      1,
      1,
      1,
      1,
      1,
      1,
      1,
      1,
      1,
      1,
      2,
      2,
      2,
      2,
      2,
      2,
      2,
      2,
      2,
      2
    ],
    "iter_round": [
      0,
      10,
      20,
      30,
      40,
      50,
      60,
      70,
      80,
      90,
      100,
      0,
      10,
      20,
      30,
      40,
      50,
      60,
      70,
      80,
      90
    ],
    "loss_global": [
      6988.126643615244,
      621.3226773043787,
      197.62555765140792,
      131.5630087649357,
      61.58876513605231,
      28.573675087554292,
      24.149276767025817,
      21.606238204535522,
      18.759461168509468,
      18.159206729799696,
      17.16344697027144,
      17.16344697027144,
      12.239516014273141,
      3.8728758708622566,
      0.853200318936225,
      0.46398220361643466,
      0.40109091724676976,
      0.35259413396279593,
      0.3081142845110621,
      0.2919613512997505,
      0.2861668709093413
    ]
  },
  "losses": {
    "PDE_MASS": {
      "weight": 0.01,
      "non_negative": true,
      "display_sqrt": true,
      "log": [
        6.127309187208445,
        0.058982536736679095,
        0.3969292352456164,
        0.01467286416682925,
        0.010353097204387865,
        0.014912305236545152,
        0.006280442288806779,
        0.0008623730348643141,
        0.002259592984713744,
        0.003048706795518707,
        0.0019262237986067317,
        0.0019262237986067317,
        0.02921316740636001,
        0.005782007043184235,
        0.010402192653308058,
        0.004111538140856496,
        0.002337955637392005,
        0.0025829239081012153,
        0.0017365130974727918,
        0.0015548564031652686,
        0.002149021573547041
      ]
    },
    "PDE_MOMU": {
      "weight": 0.01,
      "non_negative": true,
      "display_sqrt": true,
      "log": [
        543467.5563454985,
        49132.663243054274,
        14626.689541185831,
        4728.854009720526,
        2292.127356017541,
        493.63203937282077,
        136.1405900706972,
        148.04669200574097,
        12.756218457261365,
        28.567128908503133,
        11.231286851526802,
        11.231286851526802,
        37.80196038165201,
        39.18051256996339,
        4.444808795007471,
        0.8250708682053021,
        0.3744658866516026,
        0.4714095585150053,
        0.45730838427277876,
        0.1956155916105311,
        0.0305369135564345
      ]
    },
    "PDE_MOMV": {
      "weight": 0.01,
      "non_negative": true,
      "display_sqrt": true,
      "log": [
        153103.5274606643,
        10673.76647246773,
        2906.8839178004428,
        6146.766972166733,
        1697.1336742470894,
        322.90165538936,
        334.828629274971,
        150.01901382030874,
        87.57202157953591,
        92.39776763211283,
        84.29430914240895,
        84.29430914240895,
        44.52619358137929,
        14.690561936323043,
        4.341927166872056,
        1.2618422008837538,
        0.45242362229686023,
        0.8824973938845196,
        0.8961655956165941,
        0.18300820280131685,
        0.030507761990172196
      ]
    },
    "BCD_u_x0": {
      "weight": 1.0,
      "non_negative": true,
      "display_sqrt": true,
      "log": [
        0.11904057885991975,
        0.5094794109524196,
        0.0007938029604922534,
        0.028455365881748785,
        0.02589282138446574,
        0.017076616309215115,
        0.01082938612079538,
        0.007712988478229213,
        0.0064049119867808325,
        0.005597718397111442,
        0.004965879214893033,
        0.004965879214893033,
        0.06127497320767088,
        0.022989542056653982,
        0.017774775647135907,
        0.020410979712403597,
        0.020614130013643966,
        0.03362171453132094,
        0.04816183948007322,
        0.055141276488754255,
        0.04947307807450954
      ]
    },
    "BCD_v_x0": {
      "weight": 1.0,
      "non_negative": true,
      "display_sqrt": true,
      "log": [
        0.014923038646424287,
        0.0011311237231639315,
        0.008720334927162692,
        0.0011448648579973411,
        3.6277184553454663e-05,
        4.027964870562411e-05,
        0.00022092841156863004,
        0.0004828228572737457,
        0.00041569838829201724,
        0.0003847860027806832,
        0.00040235573926974066,
        0.00040235573926974066,
        0.0005313707238406324,
        0.0029483502754556468,
        7.591272181003729e-06,
        0.0008258387547764631,
        0.0011056903380331118,
        0.001626442364115073,
        0.0005423366732700283,
        0.0003930140283821338,
        0.0004705768697355792
      ]
    },
    "BCD_u_x1": {
      "weight": 1.0,
      "non_negative": true,
      "display_sqrt": true,
      "log": [
        0.04162947577246868,
        0.365509764243037,
        0.001186813866385662,
        0.05598636917665955,
        0.03283385669889799,
        0.012850940248839243,
        0.007163747992728928,
        0.005225206415674342,
        0.0038085182285949016,
        0.003186572019847336,
        0.0028997568114560246,
        0.0028997568114560246,
        0.07652921497259886,
        0.02478592933797179,
        0.02310330154916334,
        0.02140019885389675,
        0.02084113019015107,
        0.029689755551240635,
        0.03782126310938292,
        0.044730195915739006,
        0.04293927676912789
      ]
    },
    "BCD_v_x1": {
      "weight": 1.0,
      "non_negative": true,
      "display_sqrt": true,
      "log": [
        0.017465376567209256,
        0.005981485391134344,
        0.020228969481126017,
        0.0022213853315135716,
        8.269864542722553e-07,
        4.8741366388939146e-05,
        0.00040688617486093467,
        0.0008891044930639202,
        0.0008203032844306407,
        0.0007788279323324362,
        0.00080115112322073,
        0.00080115112322073,
        0.00012343860692829047,
        0.00011569391678548709,
        0.004991940939043635,
        0.004398688529420219,
        0.004881968081374549,
        0.0018896609885568306,
        0.0016491799621675609,
        0.0014276633431027802,
        0.0009802478946192535
      ]
    },
    "BCD_u_y0": {
      "weight": 1.0,
      "non_negative": true,
      "display_sqrt": true,
      "log": [
        0.006281341344043663,
        0.017683105316692347,
        0.0032885055280816645,
        0.015311531600224687,
        0.003952699404088888,
        0.00023560657495785863,
        6.082019024823974e-05,
        0.00014898820335363286,
        0.0003630389872913035,
        0.0004964142895462108,
        0.0005523202250310468,
        0.0005523202250310468,
        0.029760550516001932,
        0.018326628918677375,
        0.010347642692695565,
        0.006377453258921969,
        0.0022293168465884468,
        1.343969659977726e-06,
        0.01216415249050213,
        0.015028397152996949,
        0.015996964766454323
      ]
    },
    "BCD_v_y0": {
      "weight": 1.0,
      "non_negative": true,
      "display_sqrt": true,