{
  "log": {
    "iter": [
      0,
      10,
      11,
      21,
      31,
      41,
      51,
      61,
      71,
      81,
      91,
      101,
      111,
      121,
      131,
      141,
      151,
      161,
      171,
      181,
      191,
      201,
      211,
      221,
      231,
      241,
      251,
      261,
      271,
      281,
      291,
      301,
      311,
      321,
      331,
      341,
      351,
      361,
      371,
      381,
      391,
      401,
      411,
      421,
      431,
      441,
      451,
      461,
      471,
      481,
      491,
      501,
      511
    ],
    "round": [
      1,
      1,
      2,
      2,
      2,
      2,
      2,
      2,
      2,
      2,
      2,
      2,
      2,
      2,
      2,
      2,
      2,
      2,
      2,
      2,
      2,
      2,
      2,
      2,
      2,
      2,
      2,
      2,
      2,
      2,
      2,
      2,
      2,
      2,
      2,
      2,
      2,
      2,
      2,
      2,
      2,
      2,
      2,
      2,
      2,
      2,
      2,
      2,
      2,
      2,
      2,
      2,
      2
    ],
    "iter_round": [
      0,
      10,
      0,
      10,
      20,
      30,
      40,
      50,
      60,
      70,
      80,
      90,
      100,
      110,
      120,
      130,
      140,
      150,
      160,
      170,
      180,
      190,
      200,
      210,
      220,
      230,
      240,
      250,
      260,
      270,
      280,
      290,
      300,
      310,
      320,
      330,
      340,
      350,
      360,
      370,
      380,
      390,
      400,
      410,
      420,
      430,
      440,
      450,
      460,
      470,
      480,
      490,
      500
    ],
    "loss_global": [
      2.7440095082391527,
      1.6432180309146582,
      1.6432180309146582,
      0.9518337761591584,
      0.6496606023170175,
      0.4620872157848273,
      0.2677741186370444,
      0.1624182399257892,
      0.06523172688521031,
      0.024582626542281084,
      0.010950979812274164,
      0.006012957200468049,
      0.0035309111275517065,
      0.002420519343700492,
      0.001535535312938274,
      0.0010673239763984799,
      0.0007186450678427403,
      0.0005169997143374472,
      0.0003389431474433574,
      0.00022772902605275503,
      0.00015070271672212962,
      9.959267575966406e-05,
      8.014898560996954e-05,
      6.601265997746873e-05,
      5.598053291078722e-05,
      4.8524171796581164e-05,
      4.113458925928664e-05,
      3.550400544466344e-05,
      3.060711967238146e-05,
      2.61514521649698e-05,
      2.208444167986252e-05,
      1.8134895691412657e-05,
      1.4747820322115372e-05,
      1.255976828901402e-05,
      1.058482405578315e-05,
      9.264084126546237e-06,
      8.308288096567282e-06,
      7.372548809274462e-06,
      6.543505376769189e-06,
      5.514026469708291e-06,
      5.165430494874194e-06,
      4.6714242031614145e-06,
      4.360989021638571e-06,
      4.2015489588238084e-06,
      3.987083496050458e-06,
      3.6189295372459065e-06,
      3.3498925795706073e-06,
      3.0854357126483e-06,
      2.9516618755045004e-06,
      2.7573012472536947e-06,
      2.6185207631619023e-06,
      2.329755406366859e-06,
      2.2514786365563617e-06
    ]
  },
  "losses": {
    "PDE": {
      "weight": 2.0,
      "non_negative": true,
      "display_sqrt": true,
      "log": [
        0.8872927200808494,
        0.588269227343095,
        0.588269227343095,
        0.33123896833959593,
        0.23307381794529125,
        0.1762333860719359,
        0.09521943819330124,
        0.06254289745114829,
        0.02050417748238521,
        0.00834718963828524,
        0.0037058364202724498,
        0.002190584719785032,
        0.0012816280928438662,
        0.0007722354891734886,
        0.00044556531306843194,
        0.00027983970087912946,
        0.00021083931966304388,
        0.00015311223207363403,
        0.00011573807901882949,
        7.637562596565908e-05,
        5.357987795063271e-05,
        3.80049111947263e-05,
        3.212281175580215e-05,
        2.7340044310214138e-05,
        2.4206663069050426e-05,
        2.132359007638144e-05,
        1.8306511895351388e-05,
        1.573097510283206e-05,
        1.3037313817914077e-05,
        1.1035775742507647e-05,
        9.291785743803275e-06,
        7.242849532981035e-06,
        5.443286889395985e-06,
        4.6975751229023754e-06,
        3.962598904063245e-06,
        3.3674964432200937e-06,
        2.9855286909160303e-06,
        2.62984582759991e-06,
        2.4284034908450298e-06,
        2.129063018826873e-06,
        2.0015036808720924e-06,
        1.7524644741548017e-06,
        1.6743145462411404e-06,
        1.6241573806887035e-06,
        1.530796946393005e-06,
        1.424932539891439e-06,
        1.350221124075383e-06,
        1.2116106474044565e-06,
        1.152844840933882e-06,
        1.1107397307495794e-06,
        1.08327682310006e-06,
        9.579932854459394e-07,
        9.405165477508078e-07
      ]
    },
    "BC_D": {
      "weight": 1.0,
      "non_negative": true,
      "display_sqrt": true,
      "log": [
        0.5617493837889682,
        0.14198237194232757,
        0.14198237194232757,
        0.09826494462233341,
        0.04188342254052838,
        0.04797918294701902,
        0.028349476477359338,
        0.006477641719762772,
        0.006698607189269184,
        0.0021634805205657864,
        0.001044499182269942,
        0.0004916817123761166,
        0.00033240601241038895,
        0.00024310432788744022,
        0.0002294899648178244,
        0.0001850208749866707,
        7.634353396145492e-05,
        8.013221054052299e-05,
        4.427644676988688e-05,
        3.51933846295747e-05,
        2.784746273819526e-05,
        1.5815019691983372e-05,
        1.245355317998265e-05,
        8.950074793854067e-06,
        4.810700793843022e-06,
        3.7898257182456633e-06,
        2.975679320693239e-06,
        2.61259199140599e-06,
        2.495044577850374e-06,
        2.2651383742821473e-06,
        2.0537521576407806e-06,
        2.2956888508639252e-06,
        2.317264532998055e-06,
        2.333663760711805e-06,
        2.0353190414667526e-06,
        1.7650846144705083e-06,
        1.6544927611132948e-06,
        1.5593920604348774e-06,
        1.1318503610840284e-06,
        7.12801715500428e-07,
        7.208233319990342e-07,
        6.573694539271613e-07,
        5.7719241915872e-07,
        5.562488188749684e-07,
        5.845903942854537e-07,
        4.704576571528813e-07,
        3.6619190439857543e-07,
        3.8853579028867734e-07,
        3.341944246272847e-07,
        2.9094761536378876e-07,
        2.2819579736518536e-07,
        2.2245727211558577e-07,
        1.7761342898861345e-07
      ]
    },
    "BC_N": {
      "weight": 1.0,
      "non_negative": true,
      "display_sqrt": true,