{
  "log": {
    "iter": [
      0,
      10,
      20,
      30,
      40,
      50,
      60,
      70,
      80,
      90,
      100,
      101,
      111,
      121,
      131,
      141,
      151,
      161,
      171,
      181,
      191,
      201,
      211,
      221,
      231,
      241,
      251,
      261,
      271,
      281,
      291
    ],
    "round": [
      1,
      1,
      1,
      1,
      1,
      1,
      1,
      1,
      1,
      1,
      1,
      2,
      2,
      2,
      2,
      2,
      2,
      2,
      2,
      2,
      2,
      2,
      2,
      2,
      2,
      2,
      2,
      2,
      2,
      2,
      2
    ],
    "iter_round": [
      0,
      10,
      20,
      30,
      40,
      50,
      60,
      70,
      80,
      90,
      100,
      0,
      10,
      20,
      30,
      40,
      50,
      60,
      70,
      80,
      90,
      100,
      110,
      120,
      130,
      140,
      150,
      160,
      170,
      180,
      190
    ],
    "loss_global": [
      1.1148134583400222,
      0.3583406870754515,
      0.3303996703425503,
      0.23777760316435909,
      0.14573778756527767,
      0.09487080636609213,
      0.06278455613916081,
      0.04501353460590207,
      0.03624161456673778,
      0.031944036764640804,
      0.02799852279861853,
      0.02799852279861853,
      0.022383847735923793,
      0.015101621583978337,
      0.011008073101919844,
      0.0074540641277808725,
      0.004595647537194766,
      0.0025780890423280018,
      0.001578174893998691,
      0.000854973332501014,
      0.000584790103681617,
      0.0003857212735295034,
      0.00024695298254734247,
      0.00017079762468726913,
      0.000138187421342344,
      0.00010814541552983369,
      8.492019482333985e-05,
      6.958142369133151e-05,
      5.836452569143252e-05,
      4.854423878392215e-05,
      4.14977307773204e-05
    ]
  },
  "losses": {
    "PDE_MASS": {
      "weight": 1.0,
      "non_negative": true,
      "display_sqrt": true,
      "log": [
        0.037856353673852934,
        0.00024171421537735373,
        0.0001113506313509905,
        0.0021666495052694427,
        0.013776775408416908,
        0.014823282762986377,
        0.006105608650199763,
        0.00586751006435542,
        0.006111919517164177,
        0.004419997267210796,
        0.0040249811934027395,
        0.0040249811934027395,
        0.0027187783362977664,
        0.002069307992365004,
        0.0018463389667546192,
        0.0013019691083111867,
        0.000590097364213591,
        0.00027473359504628464,
        0.00016203120083165305,
        7.480568493328823e-05,
        8.071915518224478e-05,
        4.5271874579662374e-05,
        4.527744518612622e-05,
        3.563636992933363e-05,
        2.253205658020353e-05,
        1.7257309333563685e-05,
        1.4941191483041188e-05,
        1.40728386247181e-05,
        1.1545321018966613e-05,
        9.847397359144428e-06,
        7.824179055725847e-06
      ]
    },
    "PDE_MOMU": {
      "weight": 0.01,
      "non_negative": true,
      "display_sqrt": true,
      "log": [
        0.008109316757505085,
        0.0019173083086428434,
        0.0010599136421390125,
        0.010595363717102365,
        0.14096829815343612,
        0.3482465969787298,
        0.27192965435595984,
        0.26562218723961967,
        0.3138892866963294,
        0.2944757902152343,
        0.2826134135981934,
        0.2826134135981934,
        0.24096006612718648,
        0.23072859501259355,
        0.169796043220732,
        0.1913409333307438,
        0.1631450954951688,
        0.08243770989078883,
        0.025895089446229782,
        0.014605518323899988,
        0.010645963339684483,
        0.00573797353625898,
        0.005164852859981129,
        0.0036645020202219557,
        0.004004779875153754,
        0.003372933417246091,
        0.0023792339904179114,
        0.0021409393642055977,
        0.0017928248535195024,
        0.001490946475537458,
        0.0011830748978900925
      ]
    },
    "PDE_MOMV": {
      "weight": 0.01,
      "non_negative": true,
      "display_sqrt": true,
      "log": [
        0.003499446707305467,
        0.0012515804195399214,
        0.0036704480211187593,
        0.0050468023185325376,
        0.030758409648849544,
        0.05084762999079627,
        0.08049161778926256,
        0.12321240693866578,
        0.1397342581822427,
        0.13559454242744076,
        0.14151301047422263,
        0.14151301047422263,
        0.1319759638166874,
        0.13852210447733682,
        0.09851587364190667,
        0.08512199993590883,
        0.048270420155922374,
        0.04422827446954304,
        0.036876076454240174,
        0.022687308858560875,
        0.01651426413264592,
        0.010930429836353025,
        0.0065060875968922715,
        0.0036623401155279935,
        0.0030682119305240206,
        0.0022143577727983437,
        0.001521977828400623,
        0.0012754438109788852,
        0.0009470210922631377,
        0.0007860878289713439,
        0.0007573698382416774
      ]
    },
    "BCD_u": {
      "weight": 1.0,
      "non_negative": true,
      "display_sqrt": true,
      "log": [
        0.8442774519810673,
        0.25158191129817187,
        0.22572005134542056,
        0.1373371609304086,
        0.05270221821048363,
        0.03362947311678023,
        0.024687561756429367,
        0.020367255908468704,
        0.01768945512888382,
        0.01693932456241245,
        0.015143120543527632,
        0.015143120543527632,
        0.0106952746705965,
        0.006396961888248861,
        0.003947703451680967,
        0.0016126898981003127,
        0.0006089655983651807,
        0.0002712576354520739,
        0.00018989932192260442,
        7.62323305623692e-05,
        3.723777374912043e-05,
        3.3645203767953297e-05,
        2.2199809523517283e-05,
        2.224811984758887e-05,
        1.3645767203488717e-05,
        1.0009988627556607e-05,
        7.953057932872475e-06,
        4.033824874320736e-06,
        4.231554681447403e-06,
        3.370991621755976e-06,
        4.016043091202907e-06
      ]
    },
    "BCD_v": {
      "weight": 1.0,
      "non_negative": true,
      "display_sqrt": true,
      "log": [
        0.158923006472577,
        0.04430407933386144,
        0.04394480472022679,
        0.04048518709703712,
        0.03358299764535028,
        0.01198241917187563,
        0.007932252598308088,
        0.003586731396742897,
        0.003169558088689589,
        0.0030421766194482025,
        0.002722278322608012,
        0.002722278322608012,
        0.0027469698550499876,
        0.0018057415908483989,
        0.0014148300264591014,
        0.001145754744161087,
        0.000861102412126213,
        0.000525563029738106,
        0.0004017694456733724,
        0.00019142543322720146,
        0.00012799455419932687,
        8.810600548907137e-05,
        3.295253374423138e-05,
        1.7195727781659625e-05,
        1.5480926672545987e-05,
        1.5146820414445312e-05,
        1.6210846140556786e-05,
        1.3360512065843493e-05,
        1.2047749712530782e-05,
        8.939943608304453e-06,
        6.997146183106763e-06
      ]
    },
    "COL_p": {
      "weight": 1.0,
      "non_negative": true,
      "display_sqrt": true,